CustomerID,CustFirstName,CustLastName,CustStreet,CustCity,CustState,CustZip,CustPhone,CustDOB
,Frasquito,Roylance,92 Quincy Street,Philadelphia,PA,19136,(215) 3473612,8/16/1992
,Welbie,Girt,24 4th Lane,Hampton,VA,23663,(757) 7061792,6/24/1947
,Mechelle,Hully,336 Clemons Trail,Tulsa,OK,74156,(918) 1606298,11/7/1991
,Theressa,Offen,45615 Porter Circle,Orlando,FL,32830,(407) 2968668,8/7/1992
,Ebeneser,Todaro,36856 Harbort Junction,Des Moines,IA,50330,(515) 3130737,9/14/1960
,Xenia,Puncher,03 Talmadge Hill,Miami,FL,33261,(305) 6084814,9/24/1967
,Bryanty,Wennam,4 Pleasure Junction,Honolulu,HI,96810,(808) 6659166,8/21/1995
,Gilberto,Brownlow,09 Thierer Plaza,Detroit,MI,48211,(810) 7354914,6/26/1977
,Teresita,Critchlow,15128 Barnett Avenue,Houston,TX,77055,(832) 4505415,1/23/1965
,Ax,Costan,207 Algoma Lane,Portsmouth,VA,23705,(757) 2299705,4/5/1955
,Freemon,Dye,0 Lakewood Trail,Trenton,NJ,8650,(609) 2813774,11/30/1990
,Andre,Hughman,5144 Express Drive,Toledo,OH,43610,(419) 9642470,6/25/1968
,Bell,Filippo,6017 Texas Court,Lake Charles,LA,70607,(337) 8542996,4/30/1984
,Fabiano,Leadbitter,80166 Armistice Parkway,New York City,NY,10275,(212) 4043154,11/6/1942
,Marietta,Gerrish,4080 Burrows Parkway,New York City,NY,10079,(212) 4662303,1/4/1959
,Langston,Buckbee,9 Thierer Circle,Billings,MT,59105,(406) 3751746,7/21/1991
,Frasco,Rodrigo,265 Blaine Way,Fort Lauderdale,FL,33320,(754) 5145238,1/13/2000
,Muire,Shaplin,8 Kingsford Hill,Rochester,NY,14652,(585) 7081802,7/17/1957
,Marlon,Sweedy,56 Havey Parkway,Mobile,AL,36670,(251) 5603551,3/28/1939
,Manuel,Kops,26 Waywood Crossing,New York City,NY,10045,(212) 6242182,9/20/1959
,Kevon,Lisciandri,1905 Maryland Court,Des Moines,IA,50936,(515) 2793266,10/2/1972
,Gwendolyn,Novotna,63640 Nobel Street,Cleveland,OH,44105,(216) 6299968,2/13/1965
,Mattie,Costigan,60281 Chive Center,Norfolk,VA,23504,(757) 3033952,6/14/1943
,Ron,Newborn,07 Delladonna Street,Cincinnati,OH,45218,(513) 6196838,1/9/1995
,Amalie,Kidson,22328 Dwight Park,Fort Wayne,IN,46805,(260) 8801256,2/25/1966
,Cynthia,Fulk,8 5th Plaza,South Bend,IN,46699,(574) 7825426,7/5/1969
,Melba,Brabant,55134 Spohn Crossing,New York City,NY,10009,(646) 4540002,9/19/1946
,Borg,Borne,6 Fairfield Lane,Peoria,IL,61656,(309) 7340719,7/23/1969
,Moe,Lobb,748 7th Street,Irvine,CA,92717,(714) 1684837,12/3/1981
,Patsy,Willimott,4 International Crossing,Littleton,CO,80161,(720) 2379890,12/10/1948
,Eugenio,Gabbetis,885 Di Loreto Center,Hot Springs National Park,AR,71914,(501) 1956383,5/9/1949
,Blinni,Van Der Walt,7230 Jackson Terrace,Saint Louis,MO,63167,(314) 6868067,8/3/1952
,Debi,Brettoner,36 Hagan Crossing,Columbus,OH,43215,(614) 4676934,6/1/1936
,Moore,Jako,8108 Lerdahl Place,Toledo,OH,43656,(419) 4002928,11/29/1958
,Vinnie,Kuschel,6600 Ridgeway Street,Washington,DC,20062,(202) 7514116,11/25/1962
,Allis,MacDowall,478 Ludington Trail,Torrance,CA,90505,(310) 6428893,6/25/1984
,Genia,Kaemena,4672 Eliot Point,Honolulu,HI,96805,(808) 2620427,1/31/1988
,Barnebas,Biglin,6147 Mariners Cove Park,Camden,NJ,8104,(856) 5296451,9/22/1955
,Evelina,Landis,43358 Loeprich Street,Lawrenceville,GA,30245,(404) 5824870,1/30/1959
,Homer,Towe,2121 Pennsylvania Trail,Columbia,SC,29240,(803) 2914565,6/19/1993
,Marge,McMennum,55320 Farragut Lane,Springfield,MA,1114,(413) 1283903,10/31/1948
,Penny,Ashman,45 Shelley Trail,Concord,CA,94522,(925) 8683585,4/10/1948
,Butch,Haccleton,367 Eastwood Park,Miami,FL,33185,(305) 8333815,6/24/1980
,Clyde,Richford,78 Di Loreto Road,Houston,TX,77050,(281) 8542317,2/20/1959
,Dixie,Dubose,002 Pepper Wood Lane,Albuquerque,NM,87195,(505) 2656529,12/19/1967
,Benyamin,Caswall,0 Montana Avenue,San Jose,CA,95108,(408) 7268741,2/18/1937
,Ernestus,Furlow,7 Northfield Point,Saint Paul,MN,55114,(612) 3395073,8/13/1997
,Nehemiah,Jakeman,6120 Fair Oaks Lane,Dayton,OH,45440,(937) 1176471,11/3/1958
,Ann-marie,Houseley,43 Pearson Parkway,Oklahoma City,OK,73152,(405) 8289942,10/13/1994
,Bondon,Munt,7747 Hanover Lane,Minneapolis,MN,55480,(612) 8535021,3/17/2002
,Allistir,Dowall,5801 Jackson Circle,Danbury,CT,6816,(203) 4781274,12/25/1998
,Debor,Finnigan,88080 Hoard Place,Boston,MA,2298,(617) 2791621,7/28/2000
,Ashlie,Younge,69173 Tony Park,Des Moines,IA,50981,(515) 2181335,3/18/1999
,Cyrus,Worham,1 Lien Plaza,Toledo,OH,43699,(419) 3161494,12/13/1978
,Barbe,Bagger,0 Rieder Alley,Sacramento,CA,94297,(916) 3129877,10/27/2001
,Mikkel,Chenery,5363 Alpine Junction,New York City,NY,10184,(212) 6613313,11/26/1936
,Baldwin,Truckett,9 Colorado Avenue,Louisville,KY,40233,(502) 8996376,7/10/1956
,Udall,Chattock,6747 Maple Wood Avenue,Pasadena,CA,91103,(626) 2549601,11/23/1985
,Amalie,Holgan,07290 Hoard Circle,Youngstown,OH,44511,(330) 9524677,11/6/1976
,Wallache,Antoons,6286 Sunnyside Drive,Portsmouth,NH,214,(603) 5134837,3/24/1976
,Shandie,Charlon,06379 Continental Drive,Jersey City,NJ,7310,(908) 6757769,9/29/1988
,Sherill,Paye,83775 Warbler Plaza,Columbia,SC,29203,(803) 4353135,9/8/1949
,Markos,Aikman,1 8th Drive,Washington,DC,20575,(202) 4724628,3/17/1987
,Collen,Seccombe,1283 Cordelia Plaza,Augusta,GA,30911,(706) 5299193,9/20/1969
,Benedict,Troyes,4540 6th Trail,Charlotte,NC,28215,(704) 5639948,12/21/1953
,Rex,Spalls,7 Shelley Trail,Los Angeles,CA,90025,(310) 1319100,2/5/1939
,Chalmers,Coppens,91537 Prentice Court,Stamford,CT,6905,(203) 4166028,7/29/1949
,Ray,Braunlein,83737 Burning Wood Pass,San Francisco,CA,94105,(310) 6869875,10/22/1993
,Mandy,Sutterfield,205 Oriole Drive,Muskegon,MI,49444,(231) 8012929,5/16/1950
,Ada,Dyhouse,87 Vidon Lane,Wichita Falls,TX,76305,(940) 3240276,2/7/1964
,Annnora,Kilford,50 Messerschmidt Way,Bakersfield,CA,93399,(661) 3287290,2/4/1953
,Lanie,Barltrop,29 Southridge Place,Richmond,VA,23285,(804) 9471988,8/30/1952
,Sigismundo,Ravenscroftt,88 Fisk Point,El Paso,TX,79923,(915) 5684625,8/13/1995
,Ludvig,Harbour,51953 Fordem Park,Kansas City,MO,64130,(816) 7998526,3/13/1955
,Bernita,Loft,11 Oneill Park,Oklahoma City,OK,73152,(405) 2119302,11/14/1953
,Flinn,Lepope,71259 Ludington Place,Orlando,FL,32825,(954) 9700199,12/28/1958
,Kip,Jakeman,6 Burrows Junction,Austin,TX,78710,(512) 1986202,12/12/1964
,Pauletta,Leverett,4055 Macpherson Pass,Watertown,MA,2472,(857) 8808962,9/3/1996
,Dorothee,Kristiansen,02481 Holy Cross Parkway,Greensboro,NC,27499,(336) 6640139,12/5/1940
,Doria,Kerbler,20 Dahle Terrace,Shawnee Mission,KS,66215,(913) 5367523,7/20/1943
,Yvor,Ryding,30 Orin Center,Cheyenne,WY,82007,(307) 6015987,11/15/1981
,Garth,Fitzsymons,89022 Debra Point,Oklahoma City,OK,73197,(405) 6492682,4/6/1939
,Beret,Tuvey,4 Park Meadow Alley,Springfield,IL,62756,(217) 3055694,5/13/1959
,Netta,Buddock,415 Myrtle Plaza,Irvine,CA,92717,(714) 2164657,4/18/1992
,Joby,Vedntyev,564 Summit Park,Chula Vista,CA,91913,(619) 2783511,4/26/1975
,Gareth,Sapsed,75 Morning Drive,Phoenix,AZ,85067,(602) 3257852,7/12/1955
,Ddene,Fuente,867 Veith Crossing,Chico,CA,95973,(916) 6374854,2/7/1935
,Karena,Ivanishchev,749 Ridge Oak Drive,Buffalo,NY,14269,(716) 8516438,5/12/1999
,Amalita,Coysh,12305 Evergreen Court,Miami,FL,33134,(786) 5981866,4/3/1963
,Jerry,Connick,9 Southridge Trail,Spokane,WA,99252,(509) 7982655,8/11/1942
,Padgett,Stickney,73150 Straubel Circle,Rockville,MD,20851,(240) 1768380,10/16/1994
,Georgi,Dibb,5500 Grasskamp Trail,New York City,NY,10115,(212) 9451893,6/8/1998
,Shayla,Wrates,994 Autumn Leaf Hill,Alexandria,VA,22333,(571) 2232062,5/23/1961
,Antone,Osbourn,5935 Ronald Regan Parkway,Bakersfield,CA,93386,(661) 8811878,6/5/1982
,Reeva,Botwright,26 Darwin Crossing,Charlotte,NC,28242,(704) 1694175,5/2/1991
,Mitch,Mealand,044 Farmco Place,Salt Lake City,UT,84152,(801) 8471844,3/28/1998
,Lucais,Clamo,5 Lerdahl Lane,Washington,DC,20099,(202) 4218926,11/28/1998
,Devin,Ambler,0755 East Pass,Montgomery,AL,36195,(334) 2774319,6/2/1986
,Tiffanie,Azemar,78 Merry Way,North Las Vegas,NV,89087,(702) 2857189,12/12/1963
,Dionne,Kisbey,338 Transport Circle,Indianapolis,IN,46278,(317) 9216422,10/16/1991
,Edwina,Zelland,88 Granby Road,Lansing,MI,48919,(517) 6989463,8/21/1953
,Carmita,Tubble,40439 Tony Parkway,Des Moines,IA,50936,(515) 1971527,3/9/1976
,Kimmi,Yellowlea,3 Drewry Pass,Baltimore,MD,21290,(410) 5233957,6/13/1982
,Freddy,Wasylkiewicz,1940 Loeprich Center,Honolulu,HI,96850,(808) 6704033,5/5/1961
,Catlee,Papaccio,3 Lyons Terrace,Portsmouth,VA,23705,(757) 9364783,5/13/2003
,Kendall,Gallone,36 Rutledge Road,Colorado Springs,CO,80945,(719) 7551776,4/26/1953
,Algernon,Cryer,60577 Old Shore Center,Charlotte,NC,28220,(704) 1741231,4/2/1949
,Jessee,Guitt,46129 Farwell Street,Austin,TX,78710,(512) 6631361,10/28/1981
,Cirillo,Quinane,14390 American Ash Hill,Houston,TX,77212,(713) 8656226,5/10/2002
,Olwen,Cartmel,19 Maywood Pass,Chicago,IL,60691,(312) 2523049,10/9/1955
,Georgeta,Spellar,63 Bluestem Plaza,Bonita Springs,FL,34135,(941) 4288795,1/17/1994
,Ruben,Kelloway,79 Montana Junction,Dayton,OH,45470,(937) 2343388,2/2/1971
,Harley,Beatey,8 Pepper Wood Court,Flint,MI,48505,(810) 3298824,2/26/1962
,Charles,Ferrers,3160 Fuller Road,Simi Valley,CA,93094,(805) 8536921,8/16/1985
,Bonni,Perse,0822 Maple Wood Trail,San Diego,CA,92127,(858) 9924879,6/8/2000
,Mike,Grooby,0 Nova Point,Baltimore,MD,21282,(410) 9081649,4/21/2003
,Mela,Pechold,763 Summit Trail,Oklahoma City,OK,73142,(405) 3834393,6/30/1974
,Bernie,Mulligan,10 Mayfield Junction,Irvine,CA,92619,(949) 4964217,6/26/1966
,Kip,Beardsley,2293 Union Place,Evansville,IN,47712,(812) 1655693,11/19/1981
,Mari,Loudiane,006 Oak Valley Center,Portland,OR,97211,(503) 2464689,9/19/1959
,Vladimir,Spiller,08 American Ash Park,Dallas,TX,75251,(972) 5093292,11/21/1951
,Teresita,Lalor,1 Dunning Lane,Memphis,TN,38143,(901) 4642663,11/9/1967
,Burtie,Flobert,4 Commercial Center,Birmingham,AL,35220,(205) 3156509,10/25/1944
,Barny,Vesty,752 Spaight Hill,Baltimore,MD,21265,(410) 7373699,11/30/1980
,Ariella,Schulze,34 Acker Road,San Rafael,CA,94913,(415) 4728563,6/24/1978
,Horatius,Stopp,81160 Hauk Hill,South Lake Tahoe,CA,96154,(530) 2456665,1/15/1954
,Emlen,Presho,38 Pine View Alley,Oklahoma City,OK,73173,(405) 2416160,5/15/1984
,Ashley,Elan,162 Lien Park,Dayton,OH,45490,(937) 7161232,6/23/1990
,Alice,Vero,59460 Florence Parkway,Los Angeles,CA,90065,(323) 9873749,5/3/1959
,Florella,Wines,279 Nobel Parkway,Salt Lake City,UT,84152,(801) 5739555,6/14/1999
,Jillana,Lawson,6 Golf View Park,San Jose,CA,95118,(408) 8531415,2/26/1951
,Andres,Swancock,76366 Hermina Crossing,Hartford,CT,6183,(860) 8998941,11/13/1997
,Kirbee,McCaughey,7 Dapin Plaza,San Francisco,CA,94147,(415) 2689053,8/1/1943
,Marnie,Finnick,36132 Park Meadow Crossing,Fort Worth,TX,76105,(682) 6009410,11/18/1936
,Carmelina,Keyhoe,8423 Judy Circle,Lake Worth,FL,33467,(561) 5438184,4/9/1995
,Charis,Robillard,57 Longview Parkway,Reading,PA,19610,(484) 9686040,9/5/1966
,Remington,Glassup,395 Pennsylvania Crossing,Springfield,OH,45505,(937) 6443519,5/10/1983
,Tana,Goullee,5 Chive Court,Corpus Christi,TX,78410,(361) 6515228,8/26/1952
,Lynn,Bennetts,0880 Twin Pines Pass,Wichita Falls,TX,76305,(940) 2175030,8/26/1956
,Sasha,Cofax,3274 Nova Junction,Cincinnati,OH,45238,(513) 6847539,5/17/1996
,Norri,Troman,7 Bayside Park,Brooklyn,NY,11205,(646) 8089688,1/9/1952
,Barth,Dimsdale,0 Colorado Center,Houston,TX,77255,(713) 7502397,9/17/1972
,Kittie,Antley,69506 Mandrake Parkway,Yonkers,NY,10705,(914) 2524788,1/6/1970
,Jameson,Arend,86 Di Loreto Lane,Hollywood,FL,33028,(305) 4691651,1/8/1997
,Mel,Koppes,21 Glacier Hill Street,Kent,WA,98042,(206) 4274926,7/7/1951
,Pieter,Skarman,77 Golf Plaza,Redwood City,CA,94064,(650) 3664443,3/4/1948
,Colleen,Scullard,25 Kedzie Point,Huntington,WV,25770,(304) 8189860,6/25/1997
,Valli,Tomicki,6 Marcy Park,Houston,TX,77218,(713) 5271566,8/21/1973
,Lowell,Showler,427 Village Green Drive,Amarillo,TX,79182,(806) 2390030,3/6/1956
,Hatti,Stirrup,00 Bowman Park,Brockton,MA,2305,(508) 2030297,8/4/1951
,Shannan,Taree,05685 Brown Point,Spokane,WA,99252,(509) 2943136,7/24/1938
,Guendolen,Schroter,76106 Dexter Alley,Cheyenne,WY,82007,(307) 2161325,5/21/1983
,Ofilia,Cuberley,661 Huxley Center,Oklahoma City,OK,73129,(405) 5095075,4/11/1937
,Dollie,Duckham,07574 Commercial Street,San Diego,CA,92191,(619) 1288046,4/20/1950
,Lavinie,Rottenbury,229 Warner Terrace,Salt Lake City,UT,84170,(801) 6580362,6/7/1979
,Leese,Hambribe,535 Londonderry Trail,San Jose,CA,95123,(408) 1562775,3/30/1953
,Cherilyn,Ravenscroftt,6 Southridge Pass,Tampa,FL,33605,(813) 9094995,6/18/2001
,Carey,Eskrigg,974 Hollow Ridge Road,Peoria,IL,61614,(309) 8490663,7/14/1992
,Frannie,Dohms,4 Anthes Park,Arlington,TX,76016,(713) 1906530,5/26/1981
,Agace,Dunham,73 Cambridge Park,Columbia,SC,29240,(803) 6599390,10/31/1971
,Dolores,Phebey,8346 Basil Way,Stockton,CA,95205,(209) 4489572,9/29/1962
,Mariellen,Aubury,33515 Melvin Plaza,Round Rock,TX,78682,(512) 7444025,8/10/1936
,Coretta,Tomsa,4309 Clove Crossing,Reston,VA,20195,(703) 1747366,7/19/2000
,Christoper,Bricket,043 Independence Crossing,Winston Salem,NC,27150,(336) 6752825,10/15/1990
,Wald,Shewring,03960 Utah Junction,Dallas,TX,75260,(214) 6722006,9/2/1955
,Buddy,MacSporran,7 Chinook Street,Vero Beach,FL,32964,(772) 1038581,7/7/1969
,Rheta,Liddiard,7 Carey Center,Mc Keesport,PA,15134,(412) 5927155,12/25/1989
,Mohammed,Axelbey,02738 Petterle Drive,Washington,DC,20456,(202) 8290958,10/18/1994
,Blanca,Godfray,2 Prairieview Drive,White Plains,NY,10633,(914) 4621217,7/20/1957
,Torr,Bolesworth,723 Crownhardt Circle,Long Beach,CA,90805,(323) 5056567,9/26/1938
,Brooke,Petruszka,561 Forest Junction,Orlando,FL,32885,(407) 6167364,4/8/1961
,Page,Renish,642 Carey Way,Lancaster,CA,93584,(661) 8735338,6/24/1987
,Marcy,Wesson,73481 Rowland Park,Monroe,LA,71213,(318) 7730410,4/17/1978
,Rochette,Reek,4 Kropf Place,Sacramento,CA,94257,(916) 9066461,1/21/1983
,Farica,Falconbridge,54 Mcbride Road,Charleston,WV,25326,(304) 1239325,1/4/1952
,Beitris,Siggee,1421 Ruskin Park,Chandler,AZ,85246,(480) 2815332,8/17/1943
,Reggy,Javes,8908 Lillian Hill,Los Angeles,CA,90040,(714) 4843227,5/6/1971
,Kara-lynn,Purselow,65 Golden Leaf Avenue,Milwaukee,WI,53263,(414) 5313224,9/1/1996
,Wilow,Falkous,0293 Mesta Point,Saint Louis,MO,63110,(314) 9657861,4/6/1959
,Jeremias,Maraga,643 Butternut Pass,Albany,NY,12255,(518) 4358268,9/3/1980
,Pippy,Harwin,38578 Utah Road,Cedar Rapids,IA,52405,(319) 8775894,4/10/1980
,Yetta,Learmond,921 Forest Dale Park,Minneapolis,MN,55458,(612) 4765243,10/16/1935
,Cecile,Swatheridge,83 Rutledge Center,Buffalo,NY,14205,(716) 2950260,3/15/1935
,Blythe,Deneve,398 Lake View Hill,Springfield,VA,22156,(571) 9150754,7/14/1937
,Lenora,Hannaford,5 Judy Trail,Newport News,VA,23605,(757) 5811286,6/10/1987
,Errol,Wimpey,96 Katie Street,Pensacola,FL,32575,(850) 3196923,4/10/2003
,Essa,Sharpous,52 Doe Crossing Lane,Charleston,SC,29424,(843) 7601413,12/11/1964
,Rosaline,Collisson,5 Maple Wood Terrace,Tampa,FL,33625,(727) 8069494,9/26/1991
,Martina,Braddick,6 Vernon Circle,Atlanta,GA,30306,(678) 2121427,8/25/1937
,Ruy,Targetter,64 Superior Hill,Oklahoma City,OK,73135,(405) 7538634,10/20/1987
,Sawyere,Veale,73029 Gina Alley,Woburn,MA,1813,(339) 2118203,3/9/1949
,Roberta,Deekes,0 Forest Crossing,Oklahoma City,OK,73129,(405) 6988015,3/5/1964
,Kristina,Bielfelt,525 Eagan Way,Denver,CO,80249,(720) 4472234,6/3/1973
,Tiffi,Kubasiewicz,38053 Quincy Place,Richmond,VA,23242,(804) 5888877,5/7/1994
,Staci,Zanussii,173 2nd Park,Bethesda,MD,20892,(301) 3000769,7/2/1997
,Whitney,Mosedill,77 Portage Parkway,Sacramento,CA,95833,(916) 2635728,10/20/1966
,Fernande,Lowfill,5867 Blue Bill Park Point,Silver Spring,MD,20910,(240) 9325361,12/25/1997
,Moses,Cran,56 Johnson Drive,Brooklyn,NY,11215,(718) 9904447,9/30/1999
,Lorna,Triplet,75 Rutledge Alley,Knoxville,TN,37995,(865) 6720465,7/3/1982
,Konstance,Muggach,0 Vernon Way,Gastonia,NC,28055,(704) 3919235,12/17/1998
,Leela,Fautly,20374 Hovde Way,Pittsburgh,PA,15205,(412) 8198054,12/28/1980
,Rivalee,Tousey,342 Columbus Lane,Washington,DC,20046,(202) 1452136,1/28/1948
,Will,Yashaev,15 La Follette Avenue,Pocatello,ID,83206,(208) 3966824,6/15/1997
,Kathleen,Yuryaev,092 Farmco Hill,Augusta,GA,30911,(706) 4924268,2/16/1960
,Philippine,Sandle,3195 Harper Road,Saint Augustine,FL,32092,(904) 8397636,4/15/1969
,Angie,Brill,8547 Bluejay Street,Atlanta,GA,30311,(770) 5237735,7/10/1997
,Anton,Wheatland,40045 Corben Alley,Charlotte,NC,28242,(704) 3160790,10/29/1952
,Leigha,Ablott,1 Donald Court,Gainesville,FL,32627,(352) 8658228,7/24/1943
,Rhett,Usher,4 Hazelcrest Crossing,Jersey City,NJ,7310,(551) 4055191,8/10/1977
,Elnar,Fitzackerley,6 Mandrake Point,New York City,NY,10004,(347) 8237999,9/26/1965
,Grayce,Gerbi,7675 Vidon Circle,Sacramento,CA,95813,(916) 3877177,12/17/1950
,Tori,Kezourec,4 Meadow Valley Trail,Richmond,VA,23285,(804) 8475086,4/4/1964
,Wain,Wallbrook,39855 Coleman Center,Salt Lake City,UT,84170,(801) 5967478,12/28/1953
,Deeyn,Boundley,65 Pine View Plaza,Santa Monica,CA,90410,(310) 9536846,4/14/1975
,Aurore,Kyme,119 Magdeline Crossing,Wichita,KS,67205,(316) 5036370,2/28/1985
,Caressa,Ghiriardelli,38 Kingsford Place,Chicago,IL,60691,(312) 7763239,8/2/1979
,Zorina,Overil,5078 Coolidge Junction,Buffalo,NY,14276,(716) 2450402,3/7/1980
,Selina,Friman,055 Eggendart Road,Pompano Beach,FL,33075,(754) 7749802,2/28/1966
,Berna,Tripean,4804 Elmside Park,San Antonio,TX,78210,(210) 5339146,10/29/1997
,Zolly,Leal,7 3rd Hill,Lawrenceville,GA,30045,(770) 1138239,1/31/1973
,Cinda,Sparkwill,37812 Harper Trail,Albany,NY,12247,(518) 3287121,6/29/1965
,Allan,Ferenczi,977 Thierer Court,Minneapolis,MN,55417,(612) 3661195,4/23/1961
,Brittan,Cornell,6406 Independence Point,Warren,MI,48092,(586) 5464389,3/9/2003
,Karlens,Skarman,3 Spenser Place,Cincinnati,OH,45203,(513) 1334204,4/2/1975
,Marcille,Faherty,3 Jay Court,Washington,DC,20535,(202) 4695075,1/19/1970
,Eberhard,Maw,2 Granby Place,San Francisco,CA,94126,(415) 9426398,8/22/1976
,Lance,Wardingley,69 Stang Drive,Alexandria,VA,22313,(571) 6794533,12/9/1971
,Meggy,Hedge,5 Laurel Pass,Glendale,CA,91205,(323) 4960300,9/7/1994
,Sal,Auchinleck,00 Monica Street,Apache Junction,AZ,85219,(480) 9795094,1/26/1955
,Jada,Gawler,4444 Kensington Avenue,Sacramento,CA,94207,(916) 1513854,4/1/1997
,Jay,Shields,138 Schmedeman Avenue,Oakland,CA,94627,(510) 7634567,6/15/1950
,Araldo,Shillingford,6959 Shopko Way,Los Angeles,CA,90081,(213) 3269031,1/8/1950
,Jessamine,Hemms,448 Old Shore Terrace,New Orleans,LA,70160,(504) 4420253,9/28/1946
,Cacilia,Ditchett,504 Lakewood Place,Jacksonville,FL,32215,(904) 7257978,6/20/1995
,Mercy,Abdee,9 Holy Cross Way,Humble,TX,77346,(713) 7765230,8/21/1981
,Marylynne,Detheridge,84488 Talmadge Road,Concord,CA,94522,(925) 4738438,4/5/1939
,Marijn,Benit,760 Tennyson Junction,Columbus,OH,43215,(513) 5729545,1/17/1974
,Nataniel,Lowton,01089 Roth Place,Melbourne,FL,32919,(321) 2886152,1/4/1946
,Liam,Vanyashin,479 Pearson Drive,Jersey City,NJ,7305,(201) 6721565,7/19/1976
,Ewart,Dunseath,7 Clemons Circle,Montpelier,VT,5609,(802) 7503189,12/25/1987
,Dari,Meneo,475 Cherokee Drive,Columbus,GA,31998,(706) 5320988,1/29/1996
,Murdock,Heinel,55343 Valley Edge Lane,Des Moines,IA,50369,(515) 4903074,2/10/1958
,Gracia,Caldaro,11 Mayer Park,Greensboro,NC,27499,(336) 9931180,9/13/1959
,Reidar,Gulleford,842 Crest Line Parkway,Bradenton,FL,34282,(941) 7715935,3/2/1999
,Virginia,Dybald,19 Bay Trail,Fort Wayne,IN,46867,(260) 6432399,6/13/1987
,Eldridge,Gokes,687 Delaware Avenue,Detroit,MI,48295,(313) 9065095,1/28/1947
,Frasquito,Aronstein,8 Talisman Center,Huntsville,AL,35810,(256) 6249840,7/6/1970
,Karole,Shelbourne,38 Dovetail Plaza,West Hartford,CT,6127,(860) 5572977,2/21/1973
,Lutero,Vogt,1 Anzinger Road,El Paso,TX,88546,(915) 7203651,5/23/1946
,Thorvald,McGoogan,0718 Monterey Court,Jackson,MS,39282,(601) 7495114,2/1/1950
,Dylan,Trunks,455 Park Meadow Way,Rockford,IL,61105,(815) 2172441,2/28/2002
,Alfredo,Scupham,092 Express Junction,Akron,OH,44321,(330) 4293196,4/17/1968
,Arabela,Toon,7 Caliangt Pass,Phoenix,AZ,85077,(602) 2683206,7/23/1938
,Renie,Lille,151 Transport Avenue,Birmingham,AL,35236,(205) 1683972,12/13/1975
,Helene,Blackley,045 Corben Court,Orlando,FL,32803,(407) 8803574,10/29/1984
,Genny,Martignoni,0576 Vera Parkway,Reston,VA,22096,(571) 1362179,5/6/1957
,Jemmie,Kemwal,99 Prairie Rose Crossing,Great Neck,NY,11024,(516) 8292299,4/28/1995
,Merrilee,Kelshaw,3438 Dunning Terrace,Phoenix,AZ,85072,(602) 2018260,3/6/1942
,Casey,Barthelet,36 Sauthoff Street,San Jose,CA,95194,(408) 2162551,1/22/1950
,Keely,Seymark,38 Loomis Trail,Austin,TX,78764,(512) 1731420,1/14/1981
,Lemar,Espina,12 Hagan Lane,Dallas,TX,75392,(214) 9805000,7/14/1962
,Clevey,Traite,8901 Sommers Road,Pensacola,FL,32505,(850) 3486470,3/24/1956
,Stavros,Scroyton,566 Green Street,Topeka,KS,66667,(785) 4591998,4/2/1979
,Ikey,Cawley,49 Gale Lane,Whittier,CA,90610,(562) 5027659,7/20/1969
,Nonah,Spight,08731 Mayfield Point,Lincoln,NE,68524,(402) 7199033,1/24/1957
,Cristen,Houlson,097 Thackeray Drive,Kansas City,MO,64160,(816) 4818635,7/16/1995
,Krisha,Unthank,23197 Mallard Parkway,Shreveport,LA,71161,(318) 3805815,8/22/1967
,Gisella,Surr,7 Butternut Alley,Duluth,GA,30096,(678) 1080775,5/29/1935
,Filbert,Purple,6 Scoville Avenue,Saint Paul,MN,55123,(651) 5627016,8/11/1986
,Pia,Allden,83912 Northview Lane,Evansville,IN,47719,(812) 8620508,4/25/1955
,Jamey,Coyett,303 Dryden Lane,Miami,FL,33111,(786) 1526559,5/8/2002
,Row,Drewe,71 Artisan Lane,Albany,GA,31704,(229) 3962060,5/25/1939
,Arch,Whittles,791 Bunker Hill Alley,Washington,DC,20430,(202) 3575031,12/13/1999
,Tamqrah,Quaife,23 Tony Terrace,Fresno,CA,93773,(559) 8949948,9/29/2000
,Meggi,Monk,80 Hoepker Circle,Montgomery,AL,36114,(334) 2644270,9/11/1971
,Jenn,Sainz,73 Hagan Alley,Dallas,TX,75358,(214) 9242072,1/7/1984
,Catharina,Verbruggen,662 Jenna Court,Daytona Beach,FL,32118,(407) 4416897,7/25/1947
,Tyrus,Illwell,81 Knutson Trail,Las Vegas,NV,89150,(702) 3060127,1/11/1964
,Trix,Mertin,0862 Reinke Terrace,Portsmouth,VA,23705,(757) 2248588,7/22/1959
,Miof mela,Pedroni,847 Old Gate Road,Los Angeles,CA,90020,(562) 1005634,12/4/1964
,Lucais,Radborn,92 Waywood Hill,Winston Salem,NC,27105,(336) 8506273,10/11/1994
,Sonni,Rickersey,4 Johnson Place,Henderson,NV,89012,(702) 2271192,12/13/1994
,Alysia,Glanester,0223 Lukken Center,New York City,NY,10105,(917) 8219138,3/7/1989
,Thedric,Peyton,152 Eliot Avenue,Valley Forge,PA,19495,(484) 2896719,8/30/1966
,Sholom,Etheredge,34 Morrow Place,Pensacola,FL,32590,(850) 8367958,9/25/1961
,Kamilah,Moberley,2 Waxwing Junction,Houston,TX,77070,(832) 2334343,9/16/1960
,Haily,Torvey,463 Swallow Way,Saint Louis,MO,63143,(314) 7437978,7/15/1992
,Alfy,Keyme,8640 Forest Run Crossing,Vero Beach,FL,32964,(772) 5037224,1/30/1971
,Kylen,Bluschke,6281 Pankratz Street,Hartford,CT,6160,(860) 6364678,4/8/1999
,Kathryne,Yewdell,01 Truax Place,Watertown,MA,2472,(857) 4945202,9/20/1971
,Rosene,Mariot,69 Graedel Hill,Washington,DC,56944,(202) 1282858,9/8/1995
,Cornelius,Fagge,53826 Pond Point,San Antonio,TX,78215,(210) 3744416,1/6/1940
,Catarina,Keningham,90496 Fieldstone Pass,Atlanta,GA,31106,(404) 7762653,12/26/1946
,Roth,Goodlud,1 Petterle Drive,Bronx,NY,10464,(914) 9337278,1/20/1938
,Dorelia,Baudou,2372 Elgar Terrace,Phoenix,AZ,85015,(602) 1051250,2/12/1980
,Kaleena,Kilgallon,41 Debra Center,El Paso,TX,88546,(915) 1344250,8/17/1941
,Ophelie,Tedman,839 Graedel Avenue,Columbus,OH,43231,(614) 6170708,12/9/1954
,Helyn,MacAllister,3 Hudson Terrace,Waco,TX,76796,(254) 8384004,8/3/1973
,Claribel,Fairall,199 Dawn Lane,Lubbock,TX,79410,(806) 7859676,2/7/1979
,Darell,Rasp,9606 Green Junction,Jackson,MS,39296,(601) 4924695,1/30/1955
,Constantina,Troy,94 Larry Park,Saint Cloud,MN,56398,(320) 1280354,5/17/1983
,Beatrice,Mourgue,91 Washington Street,Simi Valley,CA,93094,(805) 2507792,2/14/1953
,Allan,Popworth,7947 Manley Terrace,Richmond,VA,23260,(804) 2379671,1/16/1959
,Eva,Breckin,2 Schiller Pass,Fresno,CA,93726,(209) 8550246,7/16/1968
,Lorine,Pedrocco,3 Dakota Terrace,Lees Summit,MO,64082,(816) 2812134,7/5/1951
,Chalmers,Brekonridge,84605 Westridge Crossing,Atlanta,GA,30343,(404) 9823030,1/17/1989
,Emelyne,Karpman,6622 Duke Hill,Amarillo,TX,79159,(806) 5587769,11/26/1975
,Mel,Abreheart,07288 Cardinal Road,Albany,NY,12262,(518) 8582408,12/22/1964
,Chase,Jakov,829 Fallview Place,Washington,DC,20010,(202) 4263593,3/16/1980
,Holli,Allner,38162 Birchwood Court,Raleigh,NC,27658,(919) 5681392,5/28/1982
,Deloria,Edmeades,3215 Maple Wood Lane,San Diego,CA,92191,(619) 6989463,8/15/1957
,Pattin,Bromell,613 Spenser Alley,Kansas City,MO,64187,(816) 6087283,3/9/1952
,Wood,Bernardos,63 Melrose Junction,Albuquerque,NM,87190,(505) 2321789,11/12/1953
,Roslyn,Bernlin,04 Corben Lane,Chicago,IL,60697,(312) 5923780,1/23/2002
,Travis,Ingilson,14 Oak Lane,Knoxville,TN,37931,(865) 6908776,1/21/1981
,Ferdinanda,Rauprich,7027 Karstens Junction,Buffalo,NY,14205,(716) 8331012,3/11/1941
,Shalom,Ffrench,10536 Moulton Trail,Independence,MO,64054,(816) 3837150,11/13/1979
,Palm,Jonathon,68697 Green Way,Knoxville,TN,37939,(865) 4733341,9/24/1981
,Elvina,Brack,062 Nelson Crossing,Houston,TX,77299,(713) 7602963,5/13/1949
,Una,Kinder,317 Monica Center,Lexington,KY,40596,(859) 2423255,11/15/1959
,Alphonse,Belli,4 Kensington Park,Flushing,NY,11388,(347) 7124557,11/7/1935
,Myles,Grills,4056 Dunning Hill,Saint Paul,MN,55108,(612) 1271883,4/28/1966
,Hyatt,Catterick,6947 Scoville Road,Metairie,LA,70005,(504) 4912061,7/19/1976
,Judah,Giacopazzi,222 Surrey Place,Arvada,CO,80005,(720) 3799491,5/13/1964
,Josey,Braim,460 Birchwood Pass,Milwaukee,WI,53215,(414) 8064625,2/20/1975
,Tann,Easun,365 Algoma Drive,Biloxi,MS,39534,(228) 3053111,11/25/1980
,Genovera,Hickenbottom,13609 Pond Way,Miami,FL,33233,(786) 6300613,11/27/1939
,Nancee,Melding,73 Texas Pass,Reno,NV,89510,(775) 3093120,3/30/1977
,Spencer,Pawelek,4299 Sauthoff Road,Miami Beach,FL,33141,(305) 2343511,1/13/1967
,Tripp,Vasechkin,37 Darwin Hill,Santa Fe,NM,87505,(505) 5640139,4/15/1984
,Daveta,Kummerlowe,884 Coolidge Place,Decatur,IL,62525,(217) 8025859,11/25/1973
,Husein,Pepye,27885 Moose Avenue,Sacramento,CA,94263,(916) 1575591,6/23/1938
,Nisse,De Beneditti,41832 Tony Terrace,Buffalo,NY,14205,(716) 5000004,7/27/1944
,Shelagh,Milligan,40647 Oak Valley Center,Glendale,CA,91205,(818) 8729888,7/15/1955
,Myriam,Puddifer,798 Bellgrove Park,New Orleans,LA,70149,(504) 8772727,4/18/1970
,Ines,Spat,54577 Bunting Lane,Tallahassee,FL,32304,(850) 6073452,1/8/1975
,Ninette,Ziem,59 Knutson Point,Louisville,KY,40220,(502) 5057100,6/5/1936
,Melita,Torbett,1728 Eliot Way,New Orleans,LA,70160,(504) 4321608,8/1/1981
,Caprice,Parmiter,267 Carpenter Place,Newark,NJ,7112,(973) 5169452,11/27/1988
,Isiahi,Collishaw,683 Green Avenue,Hampton,VA,23663,(757) 5104145,6/11/1963
,Theo,Jeffels,4201 Dexter Point,Syracuse,NY,13205,(315) 7347011,5/18/1997
,Delmor,Ingrey,5273 Lakewood Gardens Way,Pompano Beach,FL,33069,(754) 4358932,7/11/1996
,Vance,Manwell,853 Little Fleur Trail,Tyler,TX,75705,(903) 2317441,4/24/1936
,Emmi,Yelyashev,593 Shoshone Park,Juneau,AK,99812,(907) 7291168,11/18/1979
,Frances,Tamas,49960 Weeping Birch Place,Eugene,OR,97405,(541) 6140413,4/21/1979
,Aurora,Bamford,06 Oakridge Circle,Wilkes Barre,PA,18768,(570) 5940061,10/22/1958
,Reilly,Maton,9661 Briar Crest Place,Boulder,CO,80328,(303) 9623648,5/18/1938
,Karee,Matej,953 Bay Court,Charleston,WV,25356,(304) 8455122,7/6/1944
,Kerrill,Sheivels,1367 Autumn Leaf Trail,Syracuse,NY,13205,(315) 8917608,11/15/1947
,Lucine,Bullivent,8 Hovde Court,Springfield,MA,1129,(413) 8353108,9/7/1979
,Ara,Hessing,037 Manufacturers Avenue,Alexandria,VA,22313,(571) 7876540,4/1/1973
,Torrie,Landes,76 Fairfield Drive,Lynchburg,VA,24515,(434) 4155406,12/29/1986
,Evered,Moens,348 1st Court,Saint Louis,MO,63121,(314) 4876390,11/28/1961
,Rodrigo,Guttridge,2943 Sunnyside Circle,Saint Paul,MN,55114,(612) 2746662,4/5/1949
,Kiersten,Crosier,445 Sundown Place,Jacksonville,FL,32220,(904) 7357212,6/29/1971
,Nerta,Grahl,7 Merry Junction,Des Moines,IA,50320,(515) 4886996,8/19/1982
,Shurwood,Emberson,28 Hazelcrest Street,Ocala,FL,34479,(352) 9552879,2/17/1990
,Brianne,Hanstock,79741 Reindahl Lane,Saint Louis,MO,63196,(314) 1958377,9/14/1945
,Hulda,Fenty,9560 Florence Terrace,Englewood,CO,80150,(303) 1339114,5/8/1979
,Moria,Gives,84 Eggendart Circle,Milwaukee,WI,53215,(414) 2252226,3/5/1996
,Hansiain,Hounsome,7777 Arapahoe Park,Louisville,KY,40287,(502) 3060902,2/1/1960
,Carroll,Eyden,8 Burning Wood Avenue,San Antonio,TX,78285,(210) 6518722,7/27/1992
,Otto,O'Deegan,7 Pond Drive,San Jose,CA,95173,(408) 4104716,11/24/2003
,Joelly,Standbrooke,14197 Bluestem Terrace,Lynchburg,VA,24503,(434) 6465989,1/7/1994
,Lillian,Sanson,76795 Raven Avenue,Des Moines,IA,50362,(515) 3936587,7/1/1961
,Foster,Woodgate,087 Mcguire Place,San Francisco,CA,94164,(415) 6684909,9/4/1953
,Kelsey,Lutsch,2492 Clarendon Pass,Newark,NJ,7104,(973) 6704384,7/31/1983
,Wendell,Grabb,9 Old Shore Road,Corpus Christi,TX,78470,(361) 8618252,4/16/1965
,Lance,Wealthall,542 Portage Court,Salt Lake City,UT,84170,(801) 2415723,10/3/1995
,Catherine,D'Ugo,4643 Elgar Parkway,Tampa,FL,33680,(813) 2053785,4/26/1942
,Gilligan,Adam,2 Hoard Crossing,Newport News,VA,23612,(757) 9289723,12/17/1985
,Huberto,Ellacott,8 5th Court,Aurora,IL,60505,(312) 6538046,3/9/1988
,Ludwig,Tomaselli,29 Carberry Avenue,Sioux Falls,SD,57105,(605) 2718108,6/8/1954
,Fidelity,Gillease,3 Oneill Crossing,Los Angeles,CA,90065,(323) 1830593,9/12/1978
,Dolf,Scemp,4759 Pleasure Hill,Chicago,IL,60641,(773) 7637499,8/15/1977
,Leda,O'Brien,134 Pleasure Plaza,Stamford,CT,6922,(203) 2608822,11/24/1963
,Madelon,Anstead,28 Leroy Street,Berkeley,CA,94712,(510) 5786448,2/8/1968
,Gabby,Lawlie,162 Debs Terrace,Detroit,MI,48267,(313) 2832586,1/15/1998
,Tandy,Garlee,4 Thierer Lane,Newark,NJ,7195,(862) 4304253,9/10/1980
,Steven,Diboll,5211 Washington Crossing,Oklahoma City,OK,73179,(405) 5097980,5/17/1950
,Fee,Petschelt,8053 Hoard Point,Hagerstown,MD,21747,(240) 2984987,2/13/1983
,Wilhelm,Chalker,03 Division Parkway,Sterling,VA,20167,(571) 1214884,4/17/1998
,Erna,Harbisher,900 Commercial Alley,Gastonia,NC,28055,(704) 6257694,4/30/2003
,Leilah,Swynley,43 Declaration Park,New Haven,CT,6538,(203) 2042233,7/1/1979
,Augustina,Caldero,30448 Gale Place,Gadsden,AL,35905,(256) 6718257,4/26/1965
,Ive,Grimshaw,465 New Castle Terrace,Raleigh,NC,27610,(919) 9525353,10/20/1959
,Gillie,Gullifant,4695 La Follette Way,Salt Lake City,UT,84145,(801) 6399230,8/21/1937
,Alison,Ovesen,760 Macpherson Hill,Oklahoma City,OK,73124,(405) 9678699,8/12/1974
,Boy,MacCall,835 Sullivan Point,Cedar Rapids,IA,52405,(319) 4940700,4/6/1968
,Woodrow,Blowick,92088 Stuart Street,Denver,CO,80217,(303) 4359731,3/27/1989
,Nan,Ianson,27960 6th Way,Clearwater,FL,34629,(727) 1624215,2/24/1954
,Gui,Birchenough,29924 Homewood Place,Kansas City,MO,64101,(816) 3057801,6/5/1958
,Anderson,Boch,8373 Corscot Terrace,Alexandria,LA,71307,(318) 5537330,3/29/1954
,Mile,Hardwick,80 Loomis Crossing,North Las Vegas,NV,89036,(702) 1209112,11/28/1989
,Kacey,Denholm,024 Arrowood Way,Paterson,NJ,7522,(973) 3485540,6/19/1953
,Gustavo,Navarro,581 Scott Crossing,Richmond,VA,23285,(804) 3849116,8/5/1963
,Benedicto,Habbergham,0 Blue Bill Park Parkway,San Jose,CA,95173,(408) 7917106,11/17/2000
,Grayce,Bamling,99551 Drewry Parkway,San Francisco,CA,94142,(415) 6610220,9/27/1943
,Sonnnie,MacGown,09621 Scott Parkway,Minneapolis,MN,55428,(763) 8254559,2/28/1997
,Vanya,Verling,3 Corry Pass,Detroit,MI,48258,(313) 4055280,2/27/2003
,Mahalia,Kitcher,7 Veith Point,Pueblo,CO,81005,(719) 3651120,1/14/1956
,Ardine,Dring,79865 Moland Alley,Winston Salem,NC,27150,(336) 3287512,1/21/1948
,Pooh,Tewkesberrie,31389 Glacier Hill Place,Lakeland,FL,33811,(863) 7062573,10/27/1949
,Gunilla,Mersey,226 Moulton Avenue,Modesto,CA,95397,(209) 3885464,3/5/1995
,Inger,Tooke,0957 School Center,Zephyrhills,FL,33543,(813) 7172350,11/26/2000
,Hurleigh,Duxbury,45 Prairieview Park,Detroit,MI,48224,(313) 5791634,1/3/1969
,Abbot,Brake,81770 Anhalt Crossing,Duluth,GA,30195,(404) 3319270,6/29/1993
,Drugi,Moquin,30 Kedzie Drive,Richmond,VA,23220,(804) 7749682,8/13/1988
,Ricky,Starking,23 Toban Road,Lansing,MI,48919,(517) 2935007,3/29/1973
,Margarete,Claus,72 Graedel Crossing,Salt Lake City,UT,84115,(801) 1707736,4/24/1943
,Susette,Domelow,99 Ohio Point,South Bend,IN,46620,(574) 7311720,8/4/1978
,Junette,Marcome,16 Esch Park,Wichita,KS,67205,(316) 8838494,8/29/1986
,Sinclare,Thorbon,893 Mcguire Terrace,Charlotte,NC,28284,(704) 5285633,8/23/1976
,Jarred,Freeth,15258 Sugar Road,Milwaukee,WI,53234,(414) 8990693,7/29/1956
,Larisa,Marjanski,1916 Di Loreto Trail,New Bedford,MA,2745,(508) 7831515,3/15/1981
,Etienne,McKenna,376 Pawling Court,Raleigh,NC,27635,(919) 3584645,3/1/1936
,Ardath,Hopfer,0854 Debs Parkway,Naples,FL,34102,(239) 4223859,7/29/1946
,Barbette,Carnalan,36 Schmedeman Point,Burbank,CA,91520,(661) 9244899,8/12/1975
,Jdavie,McCleary,27 Warner Court,Springfield,MA,1105,(413) 7462912,3/22/1993
,Nona,Gargett,476 Carberry Drive,Atlanta,GA,31106,(404) 5614600,2/7/1957
,Templeton,Skelington,8000 Crowley Junction,Baltimore,MD,21229,(443) 7880693,7/29/1973
,Elwood,Grewes,5735 West Trail,Petaluma,CA,94975,(707) 5738272,5/27/1969
,Tessy,Gingold,4 Johnson Hill,Little Rock,AR,72215,(501) 1655462,7/31/1979
,Ber,Rodnight,449 North Alley,Anchorage,AK,99517,(907) 4210899,12/11/1976
,Kathryn,Woolfitt,69732 Emmet Junction,Tulsa,OK,74184,(918) 2973079,9/3/1964
,Town,Lemin,682 Old Gate Point,Atlanta,GA,30316,(404) 5700197,6/16/1999
,Cyrill,Dowse,4595 Green Ridge Court,Orlando,FL,32885,(407) 2371999,4/25/1957
,Mareah,Warsop,7159 Loomis Trail,Richmond,VA,23272,(804) 4618210,6/5/1954
,Tonye,Betser,188 Main Avenue,Harrisburg,PA,17121,(717) 5964103,11/23/1945
,Carroll,Childerhouse,02 Gateway Crossing,Charlotte,NC,28210,(704) 2692452,3/5/1958
,Bobbe,Wasylkiewicz,53 Stephen Center,Albany,NY,12227,(518) 4223884,6/3/1953
,Nickolai,Saye,3935 Briar Crest Pass,Phoenix,AZ,85015,(623) 1530586,11/12/1982
,Minnaminnie,Wyman,78973 Beilfuss Pass,Birmingham,AL,35242,(205) 1409560,6/21/1973
,Ritchie,Gegg,12118 3rd Park,Jeffersonville,IN,47134,(812) 3576749,1/27/1949
,Vicki,Ellard,40824 Barnett Court,Akron,OH,44329,(330) 9741177,12/3/1948
,Alvy,Cowley,469 Eagle Crest Way,Amarillo,TX,79165,(806) 9087778,6/21/1987
,Winny,Behnecken,9784 Jackson Lane,Amarillo,TX,79159,(806) 3425221,3/12/1988
,Ki,Barrott,880 Di Loreto Court,Fort Lauderdale,FL,33305,(954) 1207530,11/12/1935
,Iosep,Guthrie,875 Sunnyside Lane,Vancouver,WA,98664,(360) 3459741,8/12/1935
,Aloysia,Hegden,700 Hoepker Parkway,Oakland,CA,94605,(510) 2078831,9/18/1987
,Davidde,Vlasenkov,5904 Grasskamp Road,Battle Creek,MI,49018,(269) 7325944,12/8/1945
,Chancey,Moralis,1896 Valley Edge Way,Atlanta,GA,30336,(404) 2125722,7/24/1997
,Carlye,Swancock,1 Haas Center,Charlotte,NC,28230,(704) 7987194,8/9/1989
,Eleonora,Perch,97710 Utah Park,Hartford,CT,6120,(860) 9473646,11/29/1994
,Clarie,L' Anglois,9032 Dapin Junction,El Paso,TX,88553,(915) 1177025,3/28/1956
,Jilleen,Follacaro,648 Karstens Trail,Riverside,CA,92513,(951) 4631798,10/26/1936
,Fletcher,Doutch,8617 Transport Street,Apache Junction,AZ,85219,(480) 9485059,11/11/1979
,Neron,Orthmann,7 Spenser Junction,Portland,OR,97229,(971) 9548009,9/9/1995
,Valentijn,Riolfi,67509 Crownhardt Place,Washington,DC,20599,(202) 9836074,12/26/1957
,Katuscha,Wheble,74639 Lawn Terrace,Terre Haute,IN,47812,(812) 3936572,9/27/1982
,Madison,Roman,45901 Corscot Center,Minneapolis,MN,55441,(612) 1604413,5/13/1959
,Harri,Scoterbosh,633 Sommers Place,Honolulu,HI,96845,(808) 6309438,9/29/1988
,Robinette,Gilding,2 Stephen Junction,Cambridge,MA,2142,(508) 5950815,3/1/1993
,Maurita,Atwool,048 Sycamore Plaza,Knoxville,TN,37919,(865) 8635412,7/9/1968
,Rudyard,Filpo,5 Esker Pass,Louisville,KY,40225,(502) 4062128,6/6/1960
,Tommie,Causby,93 Merry Circle,Fort Lauderdale,FL,33336,(754) 9742985,12/19/1996
,Celka,Yitzhok,71879 Pennsylvania Street,Topeka,KS,66622,(785) 1178389,6/3/1992
,Dion,Merrall,47 Kensington Place,Phoenix,AZ,85045,(480) 2705069,9/12/1960
,Tonie,Christene,528 Upham Circle,Los Angeles,CA,90015,(310) 8610205,3/4/1939
,Chickie,Fulop,89180 Waubesa Junction,Brockton,MA,2305,(508) 2119906,8/21/1980
,Sheila-kathryn,Tesche,25 Sommers Park,Saint Louis,MO,63131,(314) 7471351,10/1/1985
,Jeremias,Ranscome,75 Macpherson Drive,Toledo,OH,43666,(419) 2466278,8/3/1966
,Blithe,Kingcott,5822 Aberg Plaza,Saint Louis,MO,63121,(314) 1604614,10/7/1954
,Hubert,Swash,4 Aberg Parkway,Orange,CA,92867,(949) 5887379,11/19/1973
,Stefa,Lewsie,44 Alpine Crossing,Indianapolis,IN,46221,(317) 4748550,6/16/1966
,Elbertine,Kays,8586 Ludington Avenue,Omaha,NE,68179,(402) 9059400,6/14/2000
,Robinson,Pesik,78313 Service Hill,Gadsden,AL,35905,(256) 4434173,4/30/1935
,Dione,Lambdean,26496 Ridgeway Place,Rochester,NY,14614,(315) 2317468,6/2/1974
,Pansie,Frotton,781 Farmco Plaza,Torrance,CA,90510,(818) 3752941,3/12/1945
,Orlan,Lidgard,9279 Linden Parkway,Denver,CO,80279,(303) 4558633,8/14/2002
,Libbi,Ingon,813 Morningstar Circle,Migrate,KY,41905,(502) 8717673,6/27/2003
,Jacqueline,Meijer,80 Caliangt Drive,Flint,MI,48550,(810) 3310844,12/4/1965
,Kiri,Bootes,340 Sunnyside Drive,Reno,NV,89519,(775) 6458188,9/24/1962
,Erma,Wright,293 Artisan Street,Racine,WI,53405,(262) 8959145,9/24/1984
,Margeaux,Hansill,882 Stang Alley,Clearwater,FL,33758,(813) 4035595,3/19/1982
,Ruddy,Pimblotte,0168 Mccormick Point,San Francisco,CA,94116,(415) 7434167,10/13/1967
,Adella,Oldcroft,87 Forest Run Hill,New York City,NY,10170,(646) 7139511,3/27/1975
,Jami,Barthel,524 Dakota Road,Norman,OK,73071,(405) 5444813,7/28/1974
,Emilio,Fugere,946 Rigney Way,Pasadena,CA,91199,(626) 4650282,8/8/1942
,Leonie,Daft,111 Fuller Alley,Wichita,KS,67220,(316) 5105759,5/9/1986
,Charita,Critchley,17919 Grim Plaza,Miami,FL,33153,(786) 3515881,1/20/1949
,Elka,Vesty,87 Grayhawk Trail,Washington,DC,20220,(202) 5971192,1/11/1996
,Aaren,Laugier,47 Stephen Point,Phoenix,AZ,85015,(480) 5216672,6/3/1943
,Fianna,Searle,8 Mockingbird Terrace,Corpus Christi,TX,78405,(361) 5951700,11/7/1965
,Misti,Stivens,10454 Maryland Lane,Los Angeles,CA,90030,(213) 5699987,11/8/2000
,Dianemarie,Tarbet,17136 Kingsford Place,Peoria,IL,61656,(309) 4438255,2/1/1989
,Graehme,Wathen,7083 Muir Hill,Houston,TX,77035,(713) 1352873,1/8/1958
,Doug,Chotty,3275 Anderson Way,Indianapolis,IN,46221,(317) 9185435,6/24/1950
,Virginia,Pavett,49 Larry Crossing,Columbia,MO,65218,(573) 8754679,7/11/1956
,Belinda,Sproston,705 Clemons Street,Tacoma,WA,98442,(253) 7684063,7/31/1949
,Silvie,Castles,3932 Duke Place,Brooklyn,NY,11231,(917) 6818197,11/23/1963
,Shermie,Coope,1541 Rutledge Park,Gary,IN,46406,(219) 1182927,3/1/1958
,Georgeta,Senett,43 Prairie Rose Place,Dallas,TX,75397,(214) 6867221,2/11/1986
,Brennan,Treend,606 Donald Center,El Paso,TX,79934,(915) 4404189,10/6/1960
,Marna,Liversedge,3776 Rockefeller Way,Fort Myers,FL,33906,(239) 4229634,5/27/1975
,Nert,Corradeschi,3666 Hoard Terrace,Metairie,LA,70033,(504) 2638318,9/26/1992
,Artur,Bonnick,9765 Namekagon Road,Silver Spring,MD,20904,(410) 6403527,3/23/2000
,Darren,Isakovitch,1815 Larry Place,Chattanooga,TN,37405,(423) 3843098,1/30/1974
,Filmore,Cheese,5447 Dawn Pass,Helena,MT,59623,(406) 2725606,5/6/1942
,Sheelagh,Rodenborch,1436 Erie Lane,Fort Worth,TX,76129,(817) 4959499,2/5/1965
,Tailor,Stallebrass,8116 Clyde Gallagher Lane,Aurora,CO,80044,(303) 5497354,11/24/1950
,Timmie,Dowzell,26 Ridge Oak Crossing,Ashburn,VA,22093,(571) 4563040,7/28/1954
,Ahmed,Drains,6 Stoughton Junction,Chicago,IL,60674,(312) 7932433,4/22/1980
,Marne,Jambrozek,2 Parkside Court,Grand Junction,CO,81505,(970) 9083691,8/22/1940
,Dicky,Oris,0545 Loeprich Pass,Worcester,MA,1605,(508) 1273218,2/17/1949
,Fernanda,Stanluck,6165 Amoth Way,Houston,TX,77040,(713) 4175453,3/11/1968
,Arlana,Bussen,56444 Mockingbird Center,San Diego,CA,92127,(858) 7520384,9/23/2001
,Dee dee,Kenrack,581 Vahlen Avenue,Philadelphia,PA,19131,(215) 3959931,3/26/1978
,Doralia,Junkinson,35 Hoffman Pass,Washington,DC,20310,(202) 7240468,5/20/1973
,Adina,Clews,76681 Rigney Way,El Paso,TX,79984,(915) 3065129,7/5/1945
,Shalom,Whall,1 Cottonwood Trail,Houston,TX,77045,(281) 1873153,8/15/1953
,Mayor,Keppie,26 Kropf Lane,Memphis,TN,38114,(901) 8938574,9/29/1953
,Stella,Gerry,235 Sundown Crossing,Prescott,AZ,86305,(928) 2434072,7/28/1975
,Montague,Matteris,7143 Gulseth Junction,Albany,NY,12227,(518) 3388737,5/21/2003
,Missie,Blanche,5929 Farragut Court,Independence,MO,64054,(816) 8297327,5/11/1994
,Gray,MacNally,6 Karstens Street,Columbus,OH,43215,(614) 2360847,3/27/1945
,Lianna,Bigadike,08 Marquette Court,Pittsburgh,PA,15286,(412) 8588005,6/2/1997
,Ara,Losselyong,70325 Blue Bill Park Point,Cincinnati,OH,45228,(513) 5624359,6/25/1985
,Tori,Spancock,5105 Upham Alley,Wichita,KS,67210,(316) 7153874,10/20/1944
,Thurston,Dyos,43919 Messerschmidt Place,Sioux Falls,SD,57110,(605) 1167042,2/13/1986
,Chan,Spraging,33 Graceland Circle,Concord,CA,94522,(925) 5313263,1/19/1984
,Dagmar,Winward,0751 Randy Point,Sacramento,CA,94237,(916) 5973189,12/10/1966
,Lodovico,Toby,6 Service Pass,Miami,FL,33245,(786) 4333573,12/20/1973
,Worthy,Orringe,1271 Forest Run Pass,Birmingham,AL,35285,(205) 3063436,4/20/1995
,Nevins,Meneely,61107 Derek Avenue,San Antonio,TX,78225,(210) 6472251,7/16/1996
,Una,Jenkins,5628 Hauk Crossing,New Haven,CT,6510,(203) 4638619,11/26/1953
,Kit,Furley,5 2nd Point,Riverside,CA,92513,(951) 6095702,9/25/1954
,Alysa,Cliburn,4 Banding Lane,New Orleans,LA,70142,(504) 5524800,2/26/1945
,Valerie,Spain-Gower,37 Macpherson Circle,Hollywood,FL,33023,(954) 4458966,1/1/1983
,Kliment,Loukes,04 Acker Road,Phoenix,AZ,85045,(602) 5696251,7/5/1960
,Gauthier,Westcarr,949 8th Lane,Baton Rouge,LA,70883,(225) 2871385,2/21/1942
,Sib,Cockayme,96 Manufacturers Junction,Springfield,IL,62718,(217) 4982693,3/20/1942
,Louisette,Wyeld,9204 Oriole Circle,Lincoln,NE,68505,(402) 4084851,11/27/1993
,Thain,Buscher,218 Scofield Alley,Jamaica,NY,11431,(212) 3682837,7/11/1984
,Dulcinea,Puzey,8 Roxbury Park,San Diego,CA,92115,(619) 7691108,1/19/1941
,Cathrine,Blyth,61176 Butterfield Crossing,West Palm Beach,FL,33416,(561) 7555820,5/27/1975
,Eal,Barton,58570 Russell Terrace,Bozeman,MT,59771,(406) 2466045,8/22/1999
,Terrence,Huish,3 Jay Parkway,Shreveport,LA,71151,(318) 1513191,12/31/1997
,Ynes,Dana,25710 Wayridge Drive,Hartford,CT,6183,(860) 2470497,6/2/1994
,Shandeigh,Moorerud,631 Main Place,Dayton,OH,45454,(937) 6647233,12/7/1970
,Caryl,Jovey,4 Lotheville Crossing,Montgomery,AL,36114,(334) 8149986,10/14/1947
,Reyna,Bingell,42626 Meadow Ridge Trail,Minneapolis,MN,55407,(651) 6717718,5/9/1985
,Euphemia,Dresche,242 Burrows Center,Akron,OH,44329,(330) 4558654,2/20/1938
,Sully,Cutsforth,7763 Harper Hill,Visalia,CA,93291,(209) 4779817,7/15/1992
,Gene,McQuaid,003 Ludington Place,Columbia,SC,29215,(803) 3748314,10/22/1956
,Ulrikaumeko,Bestman,6487 Browning Crossing,Chicago,IL,60691,(312) 3274995,7/17/1938
,Adham,Bread,92845 Bartillon Alley,Pensacola,FL,32526,(850) 7844824,6/5/1992
,Nerti,Escot,4 Twin Pines Pass,Newton,MA,2458,(857) 7789439,11/8/1939
,Erda,Berns,6615 Mendota Terrace,Portland,OR,97286,(503) 9042912,9/11/1999
,Morse,Dixson,3499 Merry Plaza,Sacramento,CA,94263,(916) 7900765,8/29/1986
,Biron,Habben,82740 Goodland Junction,Greensboro,NC,27415,(336) 4414205,10/1/1998
,Montague,Drage,27 Truax Hill,Atlanta,GA,30368,(404) 9678916,11/8/1993
,Jolyn,Fernely,4608 Union Avenue,Oklahoma City,OK,73135,(405) 1370673,4/11/1971
,Melisenda,O'Mullally,77 Carpenter Avenue,Los Angeles,CA,90071,(562) 2202642,11/2/1979
,Bevon,Bunning,6 Meadow Vale Court,Anderson,SC,29625,(864) 7232072,5/3/1997
,Bren,Brockbank,019 Springview Park,Pinellas Park,FL,34665,(850) 7945753,4/4/1983
,Teddie,Arber,373 Gerald Court,Gilbert,AZ,85297,(602) 8035381,7/19/1976
,Ianthe,Silverthorne,4397 Moulton Crossing,Wichita,KS,67210,(316) 5021455,12/12/1956
,Alfy,Scotchmur,2871 Comanche Street,Jacksonville,FL,32236,(904) 5474671,12/22/1951
,Constanta,Binding,094 Stone Corner Point,Norfolk,VA,23509,(757) 4499393,6/13/1937
,Robin,Drake,026 Bunker Hill Hill,Arlington,TX,76096,(214) 7854648,5/25/1981
,Eldin,Cicullo,307 Laurel Junction,Kalamazoo,MI,49048,(517) 8543537,1/7/1966
,Merry,Leeb,6645 Old Gate Road,Tallahassee,FL,32314,(850) 8254906,2/17/2001
,Mariejeanne,Pherps,67730 Golf Alley,Chicago,IL,60686,(312) 1219916,5/3/1974
,Quinn,Coom,7018 Old Gate Point,Pittsburgh,PA,15205,(724) 4088571,11/10/2000
,Lesley,Colquit,5 Ronald Regan Street,Springfield,IL,62705,(217) 2229279,9/6/1993
,Damien,Doggrell,59 Logan Terrace,Lake Worth,FL,33467,(561) 4619735,2/18/1967
,Zack,Slavin,37737 Upham Drive,Waco,TX,76705,(254) 9948738,12/5/1942
,Yolanthe,Fessler,792 Kropf Way,Fort Smith,AR,72905,(479) 5054803,11/18/1958
,Vlad,Stubbings,99410 La Follette Point,Mobile,AL,36670,(251) 9819356,7/5/1993
,Roy,Neath,795 American Ash Point,Carlsbad,CA,92013,(760) 6037859,11/22/1992
,Shawnee,Balharrie,60 Hallows Parkway,Gulfport,MS,39505,(228) 8354739,12/24/1976
,Victor,Aysh,521 Jay Hill,Visalia,CA,93291,(559) 1565561,6/24/1985
,Marthena,Christol,4620 Heath Alley,Washington,DC,20062,(202) 2093388,6/14/1951
,Lucy,Lilly,67 Buena Vista Point,Hartford,CT,6152,(860) 9981541,6/25/1943
,Sonnnie,Bonellie,0479 Eastwood Way,Jacksonville,FL,32244,(904) 7355344,6/5/2003
,Idalia,Tatton,6322 Canary Center,Nashville,TN,37220,(615) 8828859,8/5/1974
,Brock,Chastel,01 Grayhawk Place,Sacramento,CA,95828,(916) 1281832,10/11/1983
,Fredericka,Burnie,66085 Anthes Point,Lake Worth,FL,33462,(561) 4553933,7/15/1955
,Buddy,Stanyan,204 Shelley Court,Omaha,NE,68110,(402) 8508760,6/11/1935
,Gretal,Thrustle,5 Shoshone Lane,Toledo,OH,43666,(419) 5912235,4/30/1974
,Anet,Girvin,6 Transport Crossing,Miami,FL,33185,(305) 9146894,7/7/1973
,Ilysa,Tween,885 Stuart Way,Washington,DC,20078,(202) 2266542,10/16/1978
,Jefferey,Hendricks,8 Pawling Lane,Tulsa,OK,74116,(918) 7690872,7/8/1936
,Otto,Rymour,476 Artisan Street,Sioux Falls,SD,57105,(605) 9680283,2/5/1947
,Ula,Gobel,5 Eastwood Hill,Lafayette,LA,70593,(337) 5475968,11/5/1973
,Neille,Ketley,34 Goodland Center,Wilmington,NC,28410,(910) 3121162,5/18/1985
,Artair,Waycot,92293 Fulton Junction,Saint Petersburg,FL,33705,(813) 5866718,6/14/1977
,Moritz,Cubbit,758 Mesta Drive,Newark,DE,19725,(302) 2301940,12/8/1997
,Alex,Kensley,8606 Scott Plaza,Tulsa,OK,74170,(918) 3787264,6/17/1962
,Dyan,Drewett,1318 Ronald Regan Crossing,Washington,DC,20566,(202) 9986897,4/19/1954
,Carmon,de Keyser,37 Di Loreto Lane,Cincinnati,OH,45203,(513) 9891240,7/5/1993
,Mahmoud,Kindley,103 Londonderry Way,Cincinnati,OH,45213,(513) 9734334,4/8/1974
,Mikael,Comber,40 Talisman Way,Fort Wayne,IN,46825,(260) 1399765,7/5/1990
,Bertrando,Ashton,4 Roth Way,Indianapolis,IN,46216,(317) 5118102,3/1/1995
,Hanson,Vischi,9173 3rd Terrace,Dayton,OH,45454,(937) 5738632,11/13/1997
,Venita,Layson,707 Tennyson Center,Abilene,TX,79699,(325) 9418975,11/23/1994
,Thomasa,Orto,022 Lindbergh Junction,Herndon,VA,22070,(757) 6347573,1/4/1965
,Karlie,Hewkin,3826 Bluestem Avenue,Davenport,IA,52804,(563) 7484347,1/7/1987
,Barbe,Cullivan,5165 Veith Lane,Hartford,CT,6160,(860) 5444308,12/9/1991
,Walden,Donovin,47 Elka Alley,Raleigh,NC,27615,(919) 2201560,4/24/1947
,Renell,Jozaitis,76604 Thackeray Crossing,Cincinnati,OH,45213,(513) 5491289,3/28/1966
,Silvan,Mainz,85715 Surrey Circle,Alhambra,CA,91841,(626) 3354880,1/13/1990
,Lonee,Hancill,661 Carioca Street,Texarkana,TX,75507,(903) 2573519,7/17/1948
,Stan,Evequot,89062 Sauthoff Pass,Saint Louis,MO,63158,(314) 6529527,4/8/1935
,Jocko,Donlon,8 Rowland Parkway,San Jose,CA,95118,(408) 7523941,11/18/1952
,Verile,Harvett,5 2nd Crossing,San Francisco,CA,94169,(415) 3899964,12/6/1999
,Winonah,Briskey,8510 Banding Avenue,Newton,MA,2162,(508) 5633335,4/16/1974
,Mischa,Garfath,3132 Forest Dale Junction,Saint Petersburg,FL,33742,(727) 7617799,9/15/2001
,Maurice,Greswell,2986 Aberg Road,Shawnee Mission,KS,66215,(913) 1933691,7/25/1941
,Duky,Dodd,81165 Porter Court,Santa Ana,CA,92725,(714) 3630449,5/11/1939
,Mechelle,Grinaugh,33 Elgar Pass,Fort Pierce,FL,34949,(772) 4380084,5/22/1980
,Fina,Minmagh,8035 Troy Trail,Sarasota,FL,34233,(941) 1162195,11/18/1983
,Pietra,Docker,0 Buhler Crossing,Tampa,FL,33673,(813) 2469621,8/1/1973
,Saxon,Ovenden,2272 Carberry Court,Kingsport,TN,37665,(423) 6887240,7/22/1960
,Brunhilde,Supple,8676 Maywood Junction,Lexington,KY,40586,(859) 3376187,3/7/1949
,Rora,Tieman,296 Novick Center,El Paso,TX,79968,(915) 8208274,5/22/1983
,Nancie,Orta,9591 Summit Street,Hattiesburg,MS,39404,(601) 1199250,11/6/1950
,Melodie,McSkeagan,747 High Crossing Center,Chicago,IL,60663,(312) 2861660,5/16/1969
,Ianthe,Paszek,2280 Old Shore Center,Nashville,TN,37250,(615) 9247547,3/14/1967
,Anna-diane,Loblie,27941 Cordelia Drive,Denver,CO,80270,(303) 2355648,9/24/2001
,Dicky,Blaza,3 Farwell Point,College Station,TX,77844,(979) 1672229,4/14/2002
,Miller,Brach,40720 Straubel Lane,Migrate,KY,41905,(502) 1886829,3/9/1949
,Gertruda,Cawdron,3 Bonner Park,Houston,TX,77035,(281) 7846465,12/9/1976
,Muriel,Vause,09 5th Place,Charlotte,NC,28242,(704) 6796278,3/20/1943
,Brodie,Skelington,3 Westend Trail,Colorado Springs,CO,80945,(719) 3671878,9/14/1943
,Kerrill,Skrine,67 Mariners Cove Park,Denver,CO,80299,(720) 9722401,7/2/1944
,Diannne,Kingswold,44527 Oxford Pass,Irving,TX,75062,(972) 5344289,2/25/1946
,Pierette,Waslin,58 Blaine Junction,Atlanta,GA,30375,(404) 6375727,10/22/1946
,Perla,Cobbledick,78305 Pearson Street,Saint Louis,MO,63180,(314) 5601076,12/23/1973
,Rodolphe,Burge,3 Fairview Avenue,Charlotte,NC,28263,(704) 9812976,6/28/1971
,Riley,Melia,499 Arkansas Place,Maple Plain,MN,55572,(763) 3464896,2/2/2002
,Giacopo,Di Biagio,41424 Blue Bill Park Park,Saint Louis,MO,63150,(314) 6759978,7/5/1974
,Rickert,Beveredge,4 Sutherland Way,Charlotte,NC,28210,(704) 3601987,1/28/1954
,Cynde,Romanin,26846 Dunning Crossing,Bonita Springs,FL,34135,(941) 7196713,5/5/1935
,Germain,Royce,1131 Morningstar Place,North Hollywood,CA,91616,(213) 5055626,11/4/1977
,Staci,Sparshett,63 Bellgrove Hill,Seattle,WA,98185,(206) 7936686,3/19/1953
,Juliana,Joist,8914 Northport Trail,Los Angeles,CA,90005,(323) 8224493,10/18/1980
,Emmey,Linnemann,4 Summer Ridge Parkway,Eugene,OR,97405,(541) 3858934,10/18/1954
,Barbie,Walsh,246 Nelson Crossing,Salt Lake City,UT,84120,(801) 6721451,10/23/1975
,Nathaniel,Raulston,3 Memorial Avenue,Memphis,TN,38150,(901) 8954536,9/12/1963
,Katrine,Leonardi,00 Anzinger Court,Oakland,CA,94605,(510) 1968461,2/24/1995
,Caz,Janowicz,32 Walton Park,Milwaukee,WI,53277,(414) 9034641,12/11/1984
,Cortney,Gritton,85850 Mosinee Drive,Washington,DC,20525,(202) 4144353,6/2/1993
,Delora,Sancto,39 Corry Lane,Odessa,TX,79769,(432) 6375141,11/4/1977
,Brandtr,Creggan,51 Redwing Circle,Memphis,TN,38114,(901) 2712741,3/2/1954
,Vincenz,Nutting,950 Erie Hill,Texarkana,TX,75507,(903) 7328425,1/26/1991
,Del,Krauze,2 Moose Park,Charleston,WV,25321,(304) 2884924,8/4/1955
,Adeline,Greest,299 Marcy Trail,San Jose,CA,95113,(408) 4535073,7/24/1938
,Karlens,Griffiths,0 Buell Hill,Raleigh,NC,27690,(919) 8837345,2/24/1939
,Damaris,Pyner,8986 New Castle Court,San Francisco,CA,94147,(415) 3835806,8/9/1975
,Kristien,Dartnall,33146 Sunbrook Crossing,San Francisco,CA,94137,(415) 2829821,4/22/1964
,Elene,Pearson,03307 Northport Lane,Los Angeles,CA,90101,(213) 1633034,4/6/1945
,Lolita,Treweek,2 Autumn Leaf Way,Washington,DC,20397,(202) 2777697,2/2/1946
,Obie,Fost,983 Shelley Center,Los Angeles,CA,90081,(213) 8748518,8/18/1981
,Idell,Rowledge,4 Butterfield Alley,Minneapolis,MN,55480,(612) 4384490,4/27/1966
,Jessalin,Normanell,9 Drewry Trail,Washington,DC,20010,(202) 6270120,1/6/1956
,Talyah,Proudman,90 Nova Center,Salem,OR,97306,(503) 7932611,5/4/1943
,Clarisse,Espine,768 Delladonna Terrace,Chattanooga,TN,37450,(423) 2059296,8/13/1941
,Kingsly,Forrestor,94573 Magdeline Lane,Newark,NJ,7195,(862) 8014512,2/17/1981
,Farleigh,Lovell,53540 Dawn Crossing,Winston Salem,NC,27150,(336) 9260251,6/22/1981
,Dickie,O'Donnelly,9955 Kennedy Lane,Carson City,NV,89706,(775) 8367964,1/15/1955
,Myriam,Caines,16 Talmadge Drive,Kalamazoo,MI,49048,(517) 4928574,5/6/1944
,Neely,Woodwind,0185 Cascade Court,Des Moines,IA,50362,(515) 7129677,11/25/1962
,Chiarra,Rawstorne,848 Blaine Point,Indianapolis,IN,46278,(317) 4378678,4/16/1947
,Sanderson,Riseley,114 Eagan Lane,Clearwater,FL,34620,(727) 3846725,12/6/1951
